exporter,h,current_mt,current_lo,current_hi,harm_log_mt,harm_log_lo,harm_log_hi,harm_lvl_mt,harm_lvl_lo,harm_lvl_hi
Australia,0,-2.0844028667215055,-3.1862292821613623,-0.6203551879910789,-3.548344380705897,-4.597702733364869,-0.9055989171554415,-3.283161089426422,-4.369304419646355,-0.9959207230256761
Australia,1,-1.1440980235804163,-3.055267417355963,0.9661926672088321,-2.4908372445137914,-4.030767944001273,2.2934313268093423,-2.17058458818133,-3.6001600705757673,2.0574695532772433
Australia,2,-0.7766095885266711,-2.137113699845539,0.9109083785897701,-1.6275229254143946,-5.258640008426282,1.0759012664197218,-1.6092563346811903,-5.036397263124289,1.065240978382318
Australia,3,0.5728514458307642,-1.1711795622629837,1.8562348696798188,0.3535627760395164,-2.4898299165461895,2.8697499296858258,0.32627632369525805,-2.4118567269494475,2.8130047812990497
Australia,4,-0.34930739240050374,-2.198394992702947,1.765698904152519,0.6040104469683722,-2.882519954873772,3.277969223503179,0.663049032723996,-2.8151013667659366,3.326360927176321
Australia,5,-1.2518110784385026,-2.843296639893457,1.137266282400474,-0.16018293313569626,-3.8643975967964908,2.620796597020446,-0.18876145307072845,-3.8479863072179503,2.5633766251799877
Australia,6,-1.1573725967404245,-2.3164570524565633,1.3322732658663865,-1.229010866009913,-3.7831130746188184,2.676828021397982,-1.2877552811950472,-3.695607789538359,2.6178454057604448
Australia,7,-1.4770925436359656,-2.7361434159212004,1.276541119283633,-1.8935335508548645,-4.365236441982159,2.532510315588572,-1.8828213108180283,-4.189521591852577,2.519869082444423
Australia,8,-1.1871635007718113,-2.3924954040516297,1.620654043321032,-1.5101486823065664,-4.0641102666136595,3.186913215872572,-1.4095686972973556,-3.7609025031959575,3.17510341775737
Australia,9,-0.0783895105232016,-2.2188842361309145,1.8923062906946142,0.2575040026585095,-3.3414050718262702,3.4645456302463247,0.12663614429135447,-3.2281948261458355,3.3853822135681013
Australia,10,-0.6350382917029831,-2.4270650245803402,2.016365436367147,0.053494205322787466,-3.8778023980804663,3.4327893955927986,0.09898431740088755,-3.733335242241157,3.433764316762309
Australia,11,-1.2572852535078411,-2.0624009254169007,2.1711060596997998,-0.052627343360761976,-3.807841270077165,3.527663284171375,-0.19058425539843055,-3.697736588036471,3.4572689546972586
Australia,12,-0.42355627775158106,-2.2848962610742793,2.183427953190449,0.0104846634319246,-3.832050622511987,3.569409219996635,-0.1695431837660776,-3.7434003571187477,3.5539084189983132
Australia,13,-0.26474547973123796,-2.2927816446060785,2.3229266837534457,-0.23959601522291074,-3.9019500113112775,3.5210136114492565,-0.3249745857530211,-3.754425432041058,3.4858436005952913
Australia,14,0.31338387285453234,-2.2293304353391794,2.2641230160607124,0.039978079999524616,-3.7892507627079937,3.689573739864639,-0.01866785502592529,-3.676040387751226,3.6387813514564127
Australia,15,0.17273910507868429,-2.2153053207533957,2.1569684288402846,0.8936561219959015,-3.77680998212632,3.649070071938465,1.061010539409463,-3.6464375026451195,3.6077968627903143
Australia,16,-0.0077775861367099484,-2.221187258460331,2.2276813359792467,0.10648458546466386,-3.8537630321405665,3.6301865528353967,0.19823386569128032,-3.727637939850441,3.5669364348160606
Australia,17,-0.5419407036877032,-2.245356240405293,2.238406172020065,-0.6283157987946283,-3.953326435121814,3.537848715473756,-0.8022926024947744,-3.819760662319996,3.5127146901898425
Australia,18,-0.6450134658137179,-2.3437911175489363,2.3015986815200686,0.1523665104082047,-3.9551000251592123,3.622068735003926,0.2044512636981465,-3.808207444764391,3.591947912291354
Indonesia,0,2.0211263023285753,-2.1789746154335847,6.632454957757725,-0.021324386617766866,-4.319515758777384,4.320451293047507,-0.5937835043093623,-4.671941230668395,2.164159951502052
Indonesia,1,2.5426749274844016,-0.9585054359609902,6.085700328872888,0.38905220476891833,-4.052774772066423,4.593402384233527,0.416816202622949,-3.603490001084922,4.152653797109771
Indonesia,2,0.9731664016672953,-2.310221690085761,5.019962270000094,-1.066896315857388,-6.2416118219394985,4.738931976208848,-1.0089535479863048,-5.823871979494786,3.976463677393059
Indonesia,3,1.5433945790637094,-2.0831275607093374,5.599739252396088,0.11556915597055353,-5.952442540254505,7.261150630807283,0.47724367501370535,-5.234220872848655,6.666539126575716
Indonesia,4,0.42287472093826495,-2.471264712049132,4.975257502885781,0.008807736702001634,-7.000702574977452,6.4317291638391305,0.05119440489047561,-6.235940646268723,5.519382465809448
Indonesia,5,0.8163369856622378,-2.3017575937177903,4.712012573529995,0.7820126007549653,-6.866288123851427,7.560746534078614,0.8974684555451511,-5.890098343924094,6.51812068518193
Indonesia,6,1.2879132201910024,-2.2997880766184493,4.701053489342031,1.208948604713115,-7.251274708908941,9.144532461951483,1.6661077060817377,-6.017292082992354,8.152435537263333
Indonesia,7,1.251284063158236,-3.0463737837919345,4.425259254168327,0.4703069499297356,-8.447836266932889,8.582072109195476,0.7667178635689407,-6.979182767229851,7.120895403085414
Indonesia,8,0.9979174128344899,-3.374015883621394,4.119991075901019,-0.4239663880741184,-8.935655949872194,9.069014165486909,-0.41147450346878456,-7.5052425726994265,7.760503272655181
Indonesia,9,-0.16658102032472605,-4.143831239040372,3.3422274899537463,-0.3449479127546069,-9.872288259614413,8.527061175729376,-0.5778400444949379,-8.327113729686394,7.100485186260428
Indonesia,10,-0.20024468186527875,-4.081194810364198,3.6117988963699346,-0.3961196365292686,-10.88269452440552,8.494695185877308,-0.6031602157380682,-9.050242218842698,7.117009581765026
Indonesia,11,0.8568496106310436,-3.943442461318975,3.7241927138182387,1.0418810710895081,-10.280181265300053,9.17643865357109,1.050148940678885,-8.554682112633998,7.92583734908438
Indonesia,12,-3.277766251803966,-4.297117675101467,3.6425603403160847,-4.3836450718043585,-11.329093143149054,8.708611603545743,-2.9939879973777037,-9.176164097045486,7.445185254740737
Indonesia,13,-0.09473699851195143,-4.3698709250624015,3.6199584729438437,-0.6724754079720654,-11.192565476549126,8.669184885444233,-0.6637670097252567,-9.176002381346295,7.5488775939574495
Indonesia,14,0.5151842318467451,-4.401405027493062,3.8572187216251876,1.5578231987887874,-11.336338885188583,8.808005966324043,1.3575585358378313,-9.290108507915294,7.631470176761871
Indonesia,15,-0.31914559004554055,-4.174947260846335,3.8280362538044117,1.4270563178287428,-11.201333254684409,8.843958512038277,1.3630761716330542,-9.099384903073448,7.463385360933966
Indonesia,16,-0.1131360109306026,-3.8182902602622217,3.7905988890561937,0.6684152296027593,-11.275346906068135,8.6769733031774,0.6064639815542459,-9.224065191440204,7.495106692589192
Indonesia,17,-0.8719645580310439,-3.9030629381464053,3.544374290662479,-0.7421124316144189,-11.108067879599357,8.718149087833693,-1.2317853585920704,-9.134111905830832,7.448780693072607
Indonesia,18,-0.9171080217995015,-4.062615688819563,3.681442237426034,0.12477271922903578,-10.81774858222294,8.674370639861149,-0.566407988147741,-8.856870813593508,7.552906281268342
USA,0,0.25880249647620185,-1.2108686984026902,1.3035532843824675,-0.005431821008938926,-3.1884193574005915,2.4983431643221166,-0.11125462578814627,-2.963657190308444,2.4340273132040764
USA,1,0.8665630703708586,-0.5514284341960789,1.9623530834325686,0.17461853878761022,-1.841843379261997,3.274693682015816,-0.023021167809024953,-1.9657713789451492,3.3065947775203095
USA,2,0.8261784857762734,-0.5967157729705016,2.1539127958108666,-0.20379622956427304,-2.287585120770421,3.5440843571125704,-0.863077429701673,-2.64122823707806,3.440974092382775
USA,3,0.4236182439227135,-1.139963640492832,1.799398695200041,-0.6694275506253194,-3.5373365055646646,2.9439561747835175,-1.4611986429296295,-3.719879889728433,2.90260952270288
USA,4,0.21458266247721947,-1.262446139776408,1.8323366468245301,-1.0496193562164111,-3.9971914128473998,3.0011313012437246,-1.761881086395849,-3.9560683553669582,3.1045861089833253
USA,5,0.37921912139918895,-1.532080044667988,1.8145123037397162,0.23517540457257868,-3.2693806519769395,3.7961675418533005,-0.37424334942315435,-3.459852717325144,3.9312008218178427
USA,6,-0.16556974641163397,-1.6913082584239234,1.558296276387197,-0.28532601828680926,-3.7014832738550134,3.652466344859602,-0.8702424572175856,-3.7334533944482007,3.8919873212632035
USA,7,0.4666211732930194,-1.5472698206329816,1.7338317268487575,0.5701713604801399,-2.9969540220721975,4.148927519907857,0.025357808147455144,-3.1858252357689594,4.139523282415201
USA,8,-0.2275445883074536,-1.9978934814046063,1.5576811761082165,-0.3586898453506199,-3.9751270605129148,3.7682196619930846,-0.39658630918495297,-4.041108134094359,4.079893064015646
USA,9,0.07063635944170493,-1.9960509137313827,1.5941218801697656,-0.334674284755203,-3.5878636753628133,3.9667745027178265,-0.8803931300817702,-3.8568477746723713,4.200559595679028
USA,10,-0.054682977657754116,-2.0422608170622425,1.6210598360902515,-0.5442188419842584,-3.814388880465918,3.9774136085113843,-0.9757998910761032,-4.0035660879221115,4.180881033100857
USA,11,0.25279155429178735,-2.003937071358062,1.8330167671867013,-0.13939413102052847,-4.050217520325369,4.159724826680987,-0.3259339006309959,-4.1428239637163085,4.372160662836843
USA,12,0.6375742270518315,-2.0620816147408596,1.8854607592049142,1.2335302399739005,-4.184721147348515,4.117996363616332,1.06212973987728,-4.374858528018028,4.435698061644036
USA,13,0.39137651800210493,-2.0536478390983683,1.8286950602856709,1.1924534109584628,-4.193169424609435,4.215794675996843,1.0179702958665855,-4.2879925185631,4.434937517742068
USA,14,0.21661542386688765,-1.9499472207829869,1.7421376524809489,-0.17337446239964918,-4.167082541953503,4.273557215114205,-0.3933253376781115,-4.287877147864026,4.493619503334326
USA,15,0.3672057763572362,-1.9877972270353816,1.909041455317786,-0.31412967542581866,-4.2385962222307185,4.197010336523601,-0.18430211163991822,-4.376692655594333,4.484041518519457
USA,16,0.14265896567192776,-1.7661689784793655,1.8815821966850201,-0.06913578567820462,-4.122103043628309,4.1979440923821105,-0.01986786046833059,-4.332998649592675,4.409217310517544
USA,17,0.05102268150423247,-1.80494007275942,1.781033568700295,0.23447486482433982,-4.099651920128912,4.105852247938442,-0.2064855207093301,-4.3012295805201965,4.34611300186211
USA,18,0.3424251886831647,-1.80116075969941,1.873833371573735,1.494765399139852,-3.9607585044503066,4.033872157128953,1.3735513124291499,-4.142752405418902,4.321805081758763
Colombia,0,-0.3114797102786879,-1.3621937616286726,0.7429409313910407,0.18117752737687842,-3.052608309781619,2.009537454115541,-0.453668011953741,-3.588090499284495,1.638140506256079
Colombia,1,1.3235479897740137,0.1449420150795394,2.190103631349701,1.872569639986926,-0.23345644504794705,4.719683806795117,2.2899849197107924,-0.16798270071459903,4.721837607371796
Colombia,2,-0.40406433603067515,-1.6856726771504191,0.8972222335846176,0.18182762847628692,-3.466842666367169,2.2004684591951325,1.0521038795624365,-2.9195132713472005,2.7260050066196584
Colombia,3,-0.11955037226210571,-1.2560259052253007,1.1855875190056693,0.33517088259121364,-1.9434666798285374,3.3207029895445777,0.4899898217147832,-1.929688023065093,3.369244746337027
Colombia,4,0.5441275783369596,-1.0765971008579611,1.5990432207543688,0.633855704505307,-3.233241045865153,3.034924682733129,0.7830053710747525,-3.2553316989568906,3.324181988001416
Colombia,5,0.6963790540189916,-1.1886288735297508,1.845281379941277,1.9258819579025346,-3.2444552374313194,3.8195266223017748,2.376908817900229,-2.878389504136283,4.461540219281158
Colombia,6,0.1415922664589954,-1.7449841580655274,1.3737688847312495,0.9452621520147366,-4.008092440318947,3.207235378719239,1.9224977844578859,-3.141106477669586,3.7683473376382497
Colombia,7,-0.5282650937812998,-1.8311510524116774,1.147677888323091,-0.803251426464298,-4.454761105430516,2.550128524795899,-0.598095502249897,-3.943736311463794,2.6186863792288477
Colombia,8,0.21757777142294069,-1.4239018198800062,1.48112662963458,0.755777026997718,-3.3628840593706606,3.5307944044762247,1.7419961344369543,-3.1350259208012927,4.456128559514793
Colombia,9,0.2526900965524522,-1.5702964849968777,1.594127652572776,1.1079347674424025,-3.8487478527486108,3.6823557431747322,2.0962897932826725,-3.391271453132687,4.40370677014441
Colombia,10,-0.10074439969845549,-1.5395401521618715,1.4583300015806884,0.016568978748414384,-3.440084126907532,3.2179702267018513,-0.13442323672933115,-3.273790438516231,3.2902931317349737
Colombia,11,1.1451422530082542,-1.3870508939442292,1.4892149680044904,1.9603460619051623,-3.4457618131985215,3.482920242808434,2.0889974145606756,-3.2987325812463126,3.753928505568186
Colombia,12,0.2833502790512308,-1.4431262068087036,1.5102405326032582,1.1864498265828167,-3.5371611890765573,3.2947226143698733,1.0808574599104177,-3.4083346516850517,3.5743768508005545
Colombia,13,-0.01940205476350589,-1.5224768360180612,1.4258519479421552,0.4173261041092945,-3.4498441522897787,3.3257620725191135,0.34713225243461393,-3.3836150173406625,3.5402682633829956
Colombia,14,-1.8752740539574821,-1.44323427853647,1.5930143095156617,-1.977527220904453,-3.5180279717457705,3.3293935732512128,-1.4465085973637686,-3.4352492668915358,3.5128557946303594
Colombia,15,0.9237916446886628,-1.514979006127717,1.5231958344438827,1.2234111705556319,-3.482052337860191,3.5001439552938116,1.0540887816543134,-3.3711502904860886,3.706887757423036
Colombia,16,0.1520556429710739,-1.4340852180963743,1.4634019753584315,0.4926837010950213,-3.6233759192050323,3.3140532593485523,0.5483388494005358,-3.4713836477238025,3.562451361709306
Colombia,17,0.3019623275398203,-1.6085403893572505,1.4198928306951657,0.8487063651540391,-3.4648177959343083,3.376099846546153,0.2644331927265822,-3.3542600018723734,3.6128759968221686
Colombia,18,0.5106737966969074,-1.5762946763409742,1.4963329534970011,1.2152590831474193,-3.575465013481431,3.356405895938905,0.9006197332987604,-3.319206887190049,3.5683475534763227
Canada,0,-0.0372940405606037,-0.31339087518408637,0.2976330503660466,-0.19541866510292646,-0.8744787155228554,0.21182846317592174,-0.23333293580818318,-0.8195245524725683,0.13742647674506897
Canada,1,0.2929171803625669,-0.05618308261304404,0.5530843763948374,0.0402526177710728,-0.4221071635554664,0.5622832348087754,-0.006679161448884383,-0.44371031292280505,0.43228893872443946
Canada,2,-0.04048482002430033,-0.37480618824921774,0.3096002747339857,-0.2531257997805079,-0.8230096988154412,0.3184015090674986,-0.29394733032103854,-0.8007289403898792,0.2402887819414029
Canada,3,-0.27984431952110195,-0.4387005138019743,0.1816702940674961,-0.31687235373393846,-0.9503941482122105,0.33493161156082474,-0.36300661897630465,-0.9243982378463258,0.24200652451236795
Canada,4,-0.04029738318565953,-0.2830707591071784,0.3082635422350365,0.05536284775942451,-0.5324801763324751,0.5983899494138736,-0.007718421621493526,-0.5176465623791073,0.5294094019831217
Canada,5,0.2375860345964326,-0.17889651786598404,0.46884060402863376,0.27587597518293183,-0.5183141236903376,0.7427654285110805,0.2590830474025441,-0.4900279565564603,0.7129747297965855
Canada,6,0.03633980391439758,-0.32808177488423873,0.39364551954154137,-0.038020497723539014,-0.6905678844969745,0.7435030164873457,-0.026275118415347232,-0.6354420996465302,0.6978908264460533
Canada,7,-0.06671615464071907,-0.341145131696881,0.3907937843930085,-0.13608558158803483,-0.710754110730118,0.8605206724093991,-0.12159873477000555,-0.6353964408075764,0.8243114963768113
Canada,8,-0.1374721644960333,-0.4240160289611494,0.3790654207293322,0.032620376833168256,-0.7944946282019305,0.7151177054620288,-0.005238026269884055,-0.7269179759815687,0.6718959400675122
Canada,9,0.013370147200578686,-0.40087920732956384,0.43915109191504914,0.27127769304522475,-0.6766668483997987,0.792970720210672,0.2475656084464688,-0.6129279111240806,0.742103745007875
Canada,10,0.06728401907959625,-0.37585709677784856,0.45289585735063775,0.19889008362308402,-0.7558888796195383,0.7903313529526715,0.217334598963569,-0.6633849774095548,0.7741967559624789
Canada,11,-0.2958391360652184,-0.43154436991671224,0.42828355331047535,-0.3070458256060676,-0.8340018376083168,0.7421331600540532,-0.2486446749607836,-0.7477934991581461,0.705173576974955
Canada,12,-0.19705207832584734,-0.4329025655275051,0.42618668717687064,-0.22904353294352672,-0.8133777681326159,0.7401735647322758,-0.23248279552817236,-0.7339616934201951,0.7009711416977489
Canada,13,0.23024599346776467,-0.42728420207432805,0.42287805755992086,0.2865897793942243,-0.7938793560386839,0.7592745590192236,0.23727446506734462,-0.7036153200537076,0.7252586071564481
Canada,14,-0.08255447771268438,-0.4385927995428561,0.42399596198583417,-0.14863654654553912,-0.7992129497286538,0.7479499882209938,-0.16672313202259922,-0.7267556472326696,0.7130699033260882
Canada,15,-0.05622995650322543,-0.4336389512741814,0.42717914416820885,-0.0915695758238191,-0.8205853981146585,0.7571112848980805,-0.10443119385600337,-0.7370140816773949,0.7232509826571906
Canada,16,-0.024548634065609223,-0.48183425376032735,0.4147536251237482,0.009529677606257291,-0.8307689769058165,0.767421487640572,0.0172369926743879,-0.7517997232462187,0.7350136830900679
Canada,17,0.06084743604988499,-0.42590794602435217,0.4114293981941308,0.29372673677507877,-0.8286170028649632,0.7523454875304219,0.23982763923450037,-0.7407544169456229,0.7227887826378377
Canada,18,0.04617341895288762,-0.4313811091864972,0.3801078834484719,-0.01726745716059187,-0.810234330828709,0.8096545027417932,-0.008690442438560772,-0.7278151372007645,0.7695867552702891
