date,gas_europe_real,lng_japan_real,log_gas_europe,log_lng_japan
2012-01,13.368049419354632,19.509179545625845,2.5928674881260734,2.970885100733127
2012-02,12.955078609848272,18.675351629124805,2.561487881911393,2.927204559710418
2012-03,13.916216718863952,18.996740282893647,2.6330548305274397,2.944267400389415
2012-04,13.254778175167807,19.55718145810662,2.5843581044193478,2.9733425569898544
2012-05,13.53812344246524,19.91174169544716,2.6055096642650577,2.9913095926753623
2012-06,13.374715461109046,20.02133210888386,2.5933660186200047,2.9967983105787477
2012-07,12.951923679800156,21.074513732361257,2.5612443238162927,3.048064430424161
2012-08,12.934962396388599,20.524707773876003,2.559933908512669,3.021629417667149
2012-09,12.75839137579015,19.379397730554892,2.546189202241395,2.964210529124972
2012-10,13.298268360768633,17.570250942984465,2.587633828312707,2.866207184566248
2012-11,13.608216848455589,17.2547128255988,2.610673790332231,2.8480853134441455
2012-12,13.563846613234183,17.72848823663603,2.6074079158268617,2.8751728506096064
2013-01,13.628886943652171,18.244567273347347,2.612191580132679,2.9038673520597267
2013-02,13.441084918427208,18.80838305917554,2.5983160549343323,2.934302677851696
2013-03,13.5935065920665,18.63238013925206,2.6095922222576755,2.924900934867045
2013-04,14.781019573260178,18.59103393531171,2.6933438964466476,2.9226794180087783
2013-05,14.098099902248812,18.606279936084274,2.6460400295975943,2.9234991547069176
2013-06,13.64119403947492,19.008408808362283,2.6130941881349004,2.9448814501229
2013-07,13.249053098611709,18.468723155564774,2.5839260856228194,2.916078661099516
2013-08,13.263076669250532,17.775257391779064,2.584983984182421,2.8778074561346205
2013-09,12.813865116017421,17.039593078721833,2.5505277968634275,2.8355396407593294
2013-10,12.943618517410645,17.417534152716172,2.5606028881119527,2.8574774087478976
2013-11,12.976603355968322,17.499097345176196,2.563147994131795,2.8621492993235145
2013-12,13.089711597183486,18.563590992369306,2.5718265473783672,2.9212021888354878
2014-01,13.103279285850514,18.84656304530872,2.5728625260446503,2.936330565455693
2014-02,12.761367221584354,18.927479171128653,2.5464224212035838,2.940614790539226
2014-03,12.262011212774485,18.652232129725896,2.506505963772837,2.925965824168112
2014-04,12.070456178707762,18.887507850932277,2.490760828820084,2.9385007432669266
2014-05,11.452451306446491,18.32392209031439,2.4382037949859616,2.9082074242316973
2014-06,10.955178649288776,18.086697196829885,2.3938122804716313,2.8951767065540572
2014-07,10.38283894296315,17.035920207386145,2.3401543415919526,2.8353240682853906
2014-08,10.238871020503394,17.632366505768427,2.3261913616292085,2.869736219152407
2014-09,10.350152701539301,16.981419367460585,2.3370012733744554,2.8321197679350885
2014-10,10.945996656485809,17.802649628614073,2.392973787266336,2.8793473017602693
2014-11,9.990084314695256,17.499484771471803,2.3015930325342815,2.8621714388658726
2014-12,11.06813286869213,17.58740950243856,2.4040700666133863,2.867183276865851
2015-01,10.481851964714862,18.346073871214447,2.3496453774711323,2.9094155936363424
2015-02,9.347649282868062,16.050377245069708,2.2351248980939005,2.7757323536655156
2015-03,9.322534823578398,14.699619600902334,2.2324345684973186,2.6878216159602255
2015-04,7.623680135245853,12.31950674735445,2.0312592104935203,2.511183920563172
2015-05,7.497606163648275,10.483179875520193,2.014583791413838,2.349772056106035
2015-06,7.465717686974647,10.286348657165966,2.010321566621101,2.330817643061164
2015-07,7.476243933422437,10.616489890510188,2.011730517929711,2.3624084423960694
2015-08,7.096315160058702,10.974144074295506,1.9595756577835166,2.395541967245291
2015-09,7.033897363733398,11.547688187912632,1.9507409424942963,2.4464852600430573
2015-10,6.747209283756032,11.312485217043694,1.9091289799512368,2.425907002244523
2015-11,6.146827880400121,10.639600258438026,1.8159361569472168,2.3645829135120655
2015-12,5.694734793565277,10.15878033901232,1.7395420275207398,2.3183383895715104
2016-01,4.92501483382154,9.402301046386576,1.594327286562976,2.2409544514880286
2016-02,4.449623120032747,9.59414959886154,1.4928194004640956,2.2611534959186472
2016-03,4.368679487866534,8.647974229178255,1.4744607867533432,2.1573251003577045
2016-04,4.418791226551902,7.590971326217626,1.4858661805319584,2.0269595576882304
2016-05,4.808120801667485,6.962336588095872,1.5703063220561035,1.9405151346865341
2016-06,5.2709696337401315,7.087017994944715,1.6622143368509983,1.958264658973296
2016-07,5.17391454779064,7.489435191234418,1.643629567931789,2.0134933863058557
2016-08,4.478731519158004,7.8958377893304075,1.4993398632892454,2.066335758522291
2016-09,4.687606869776792,8.316366070145179,1.5449221899223542,2.1182253890058935
2016-10,5.87607435515554,8.41797168856552,1.7708889122743772,2.1303689071407184
2016-11,6.253837367477667,8.34211346558093,1.8331952541368706,2.1213165974061696
2016-12,5.942081426779203,8.321106647463866,1.7820594805445034,2.118795256500487
2017-01,6.704329299507247,8.778958887302649,1.902753481828341,2.1723578228601648
2017-02,6.595552915789428,9.16836363996514,1.886395621288743,2.2157588232308494
2017-03,5.453418024107525,8.998139739777416,1.6962425724789676,2.197017860391457
2017-04,5.457589360846148,9.542611337527397,1.6970071832604796,2.2557671731120066
2017-05,5.516325835152129,9.920665039502842,1.7077120290987164,2.2946199593221466
2017-06,5.32752316322886,9.674520590894128,1.6728864328420674,2.2694956863593654
2017-07,5.445580953131236,9.649569448948549,1.6948044454833817,2.266913297666271
2017-08,5.945474814706783,9.677670683792792,1.7826303948604179,2.2698212404924116
2017-09,6.433394908405356,9.326263759835953,1.8615023784516447,2.2328344801903506
2017-10,6.665702949069609,8.963105421807194,1.89697541679686,2.1931167541946177
2017-11,7.196584689863786,9.089856596315244,1.9736065648530787,2.207159132082024
2017-12,7.664511616127532,9.285437742227334,2.036600794198261,2.2284473387905557
2018-01,7.1189708962740434,9.983661887567502,1.9627631779372374,2.3009499456256908
2018-02,7.163818708930384,10.479216950712155,1.9690431780338205,2.3493939576578375
2018-03,7.141124136061206,10.775636569489372,1.965870205984177,2.3772877126196366
2018-04,7.367080330370369,10.726383915358879,1.9970214717229933,2.372706492886699
2018-05,7.944461757336667,10.871926970988095,2.072475051606543,2.386183959661832
2018-06,7.894920255982011,11.063485566772105,2.0662195470843345,2.403650097147359
2018-07,8.047594655067636,11.054853710382384,2.0853732461679586,2.4028695813301657
2018-08,8.540599001191204,11.500212516455484,2.1448311459954454,2.442365514890238
2018-09,10.041976567370565,11.919573026395735,2.3067739641473897,2.478181841062411
2018-10,9.250309213509572,12.270603575599731,2.224656979453136,2.5072064486783967
2018-11,8.7092111353743,12.321374883177667,2.1643812167712326,2.511335549539343
2018-12,8.39805776015884,12.628658285953144,2.1280004600853175,2.5359686984116006
2019-01,7.646570063169444,12.649491247750003,2.034257189540424,2.5376169967956113
2019-02,6.3110707232391965,12.401621504401817,1.8423053488836625,2.517827230545817
2019-03,5.418998374882963,11.810905724407075,1.6899109966915098,2.4690233185816886
2019-04,5.127723720192382,10.703602155767431,1.6346618414494123,2.370580334885662
2019-05,4.522119754882682,10.575925233193368,1.508980856230168,2.358580213605651
2019-06,3.7418639749236284,10.464711506471652,1.3195838762888972,2.348008788052293
2019-07,3.764445159946357,10.534207035982485,1.3256004825160108,2.354627774938923
2019-08,3.8233418001742936,11.283014116818702,1.3411248569888414,2.423298419313791
2019-09,4.367265585911954,10.518782195046844,1.4741370892128975,2.3531624396816446
2019-10,5.234218930530069,10.323617574444683,1.655217631763939,2.3344342387879378
2019-11,5.312361144558888,10.356525415800238,1.6700363964141474,2.3376167960020857
2019-12,4.751813813369386,10.347023152055417,1.5585264006045,2.336698860182446
2020-01,3.7264070932865705,10.152662851957075,1.3154445236687153,2.317736021026577
2020-02,2.985867721211719,10.147845966592405,1.0938903984745605,2.31726146292578
2020-03,2.8036101599225964,10.52384549000357,1.0309079295219707,2.353643681390639
2020-04,2.2026117523743447,10.400067755314712,0.7896438164170038,2.3418123210602118
2020-05,1.6430451250594595,10.482211937088199,0.49655130371720657,2.349679719321554
2020-06,1.8110494007106674,9.282921785356965,0.5939064566687529,2.228176344804035
2020-07,1.8533481852078857,8.02087909042746,0.6169938331636498,2.0820480281441873
2020-08,2.9338172593931025,6.503636861731563,1.0763043940023096,1.872361537619683
2020-09,4.041337295050133,6.015965391112603,1.3965756508264056,1.7944168338239106
2020-10,4.99688473796937,6.315081325286442,1.6088146658501645,1.8429406338329832
2020-11,4.934569979096673,6.994039267893219,1.5962655321276389,1.9450582531368925
2020-12,5.948645361209567,7.775874311751755,1.7831635232517553,2.0510259034153338
2021-01,7.361938245065836,9.113816259366235,1.9963232465850316,2.209791532375823
2021-02,6.21679069805371,9.971086379345888,1.827253808652239,2.299689542866587
2021-03,6.1542461163336695,7.931247034100488,1.8171422690045538,2.0708102785294096
2021-04,7.1337753872338086,8.261211217663766,1.9648406016125881,2.11157121330384
2021-05,8.831186182459012,8.841097726996002,2.1782893410929853,2.179411046202185
2021-06,10.1232302467187,9.454900482857658,2.3148328072674365,2.246533176709461
2021-07,12.238822896020094,10.135428073762444,2.504613103833872,2.3160370161863892
2021-08,15.052732762245896,10.535937383814368,2.7115595535982044,2.354792021353309
2021-09,22.181175171641662,11.110010681417716,3.099243963910971,2.4078465650748133
2021-10,29.8664965772854,11.908123273004614,3.3967373363395965,2.4772207952165592
2021-11,26.3415856888044,14.544141265541892,3.271148895292981,2.6771882503652553
2021-12,36.021016890324624,14.510701518794985,3.5841025706187386,2.6748864129910155
2022-01,26.606267019228202,13.830363146230088,3.2811467902644313,2.626866403193836
2022-02,25.460194117730243,15.895089974344993,3.2371162175200787,2.7660102548906265
2022-03,39.197570005008075,13.972051964512195,3.6686147552068165,2.637059046126919
2022-04,29.683463756562645,15.01688275137905,3.390590114878098,2.7091750849416893
2022-05,26.637610617455938,15.231928183036167,3.2823241501127227,2.7233937631636933
2022-06,30.266317574675515,14.005837661940127,3.410035462996263,2.6394742185578526
2022-07,46.29922134663443,17.029598656233354,3.8351251433834808,2.8349529275286236
2022-08,63.13609003998259,19.11930996213636,4.145292555966637,2.950698817125576
2022-09,53.04938514945276,21.30053992549093,3.9712232749730867,3.0587324210087066
2022-10,34.83029393354141,19.494967183714618,3.550487523433355,2.970156339115094
2022-11,31.801495670102877,17.44096585042876,3.4595133223311176,2.8588217982792687
2022-12,32.08145234488421,18.319541877295144,3.468278054569682,2.9079683522354483
2023-01,17.868523187460926,17.877377757920524,2.8830406837563505,2.8835361011556335
2023-02,14.595418660001565,16.25439006754709,2.6807076890609265,2.788363030292542
2023-03,12.171400828198887,14.127990968575538,2.499089005404028,2.648158004604289
2023-04,11.875519680698542,12.622131494943641,2.474479111548291,2.535451741024407
2023-05,8.865972980620203,11.777449765551863,2.1822206887906073,2.4661866662933734
2023-06,9.05613955108238,11.094864686736674,2.203442931134763,2.4064823604324648
2023-07,8.339825825517494,11.343909683086098,2.1210423319220606,2.42868100811193
2023-08,9.724978189865281,10.89823293126994,2.2746976468146203,2.388600659695561
2023-09,9.998841485762998,10.570203856378027,2.302469234859051,2.3580390860138616
2023-10,12.5960402921573,10.910228447977016,2.5333825020394176,2.3897007389453715
2023-11,12.508504008709654,10.980550102883837,2.526408733691808,2.396125535271193
2023-12,9.916932497301707,12.441399240750359,2.294243649414835,2.5210295601457235
2024-01,8.211373967357003,12.317060951035504,2.1055202623682483,2.510985370476413
2024-02,6.9717153165418875,11.667999621795257,1.9418612944290847,2.4568500195916294
2024-03,7.281618079808966,11.23327982136611,1.9853531012216983,2.4188807850022527
2024-04,7.724741831243645,10.095702195288725,2.0444284023216164,2.3121098080667277
2024-05,8.595868566012356,10.32863258524805,2.15128168852986,2.3349199012085613
2024-06,9.236777872986751,10.307462336644832,2.2231931097936393,2.3328681316164803
2024-07,8.780183020269092,10.595602504653233,2.1724972525629225,2.360439056989031
2024-08,10.477330594251944,11.281976031967332,2.3492139321587655,2.423206410866612
2024-09,9.956363152463522,10.962141773128344,2.2982118595797285,2.3944476796846406
2024-10,10.88877947430029,10.568521254467926,2.3877328530053235,2.357879889855642
2024-11,11.706722470231611,10.77388241696836,2.460163246906774,2.377124910607584
2024-12,11.608433205045191,10.586623067227361,2.4517318344104435,2.359591229367398
2025-01,12.226234631358926,11.000275224258132,2.503584022601751,2.397920292872469
2025-02,12.764611213626544,10.634402301834891,2.546676593012738,2.3640942460230168
2025-03,11.01352232309819,10.439554770006215,2.399123819925043,2.3456019349939736
2025-04,9.625429677645458,10.53066853430064,2.264408521010725,2.3542918126681447
2025-05,9.673959849702122,10.22154248270413,2.2694377240616146,2.3244975012446423
2025-06,10.237004063315926,10.071490658896913,2.3260090048620374,2.3097087254570767
2025-07,9.594419844186156,9.833867499505777,2.2611816632424735,2.285832295185917
2025-08,9.174398341062574,9.701000577679617,2.216416815884454,2.2722290325276053
2025-09,9.122793393600661,9.409931674874064,2.210776050346034,2.241765692664877
2025-10,NaN,NaN,NaN,NaN
2025-11,8.527005041745932,9.124386393039075,2.1432381910281713,2.2109506526090783
2025-12,7.734741096652646,9.235998862247675,2.0457220117974386,2.2231087683055453
2026-01,9.578630897602505,9.35871335148408,2.259534669202207,2.2363078185923904
2026-02,9.1307067263107,9.195693962796897,2.211643098654995,2.2187353269644867
2026-03,14.424227255591354,9.197357635893539,2.6689092411562245,2.218916229311468
2026-04,12.33186659295147,12.523926812439358,2.512186692008162,2.5276409596622997
2026-05,12.879149955329634,10.258716847535293,2.555609721241277,2.3281277683284687
2026-06,12.133929353347012,10.26224875434688,2.496005607296713,2.3284719925638173
2026-07,NaN,NaN,NaN,NaN
