date,usd
1960-01,0.4
1960-02,0.4
1960-03,0.4
1960-04,0.4
1960-05,0.4
1960-06,0.4
1960-07,0.4
1960-08,0.4
1960-09,0.4
1960-10,0.4
1960-11,0.4
1960-12,0.4
1961-01,0.4
1961-02,0.4
1961-03,0.4
1961-04,0.4
1961-05,0.4
1961-06,0.4
1961-07,0.4
1961-08,0.4
1961-09,0.4
1961-10,0.4
1961-11,0.4
1961-12,0.4
1962-01,0.4
1962-02,0.4
1962-03,0.4
1962-04,0.4
1962-05,0.4
1962-06,0.4
1962-07,0.4
1962-08,0.4
1962-09,0.4
1962-10,0.4
1962-11,0.4
1962-12,0.4
1963-01,0.39
1963-02,0.39
1963-03,0.39
1963-04,0.39
1963-05,0.39
1963-06,0.39
1963-07,0.39
1963-08,0.39
1963-09,0.39
1963-10,0.39
1963-11,0.39
1963-12,0.39
1964-01,0.38
1964-02,0.38
1964-03,0.38
1964-04,0.38
1964-05,0.38
1964-06,0.38
1964-07,0.38
1964-08,0.38
1964-09,0.38
1964-10,0.38
1964-11,0.38
1964-12,0.38
1965-01,0.41
1965-02,0.41
1965-03,0.41
1965-04,0.41
1965-05,0.41
1965-06,0.41
1965-07,0.41
1965-08,0.41
1965-09,0.41
1965-10,0.41
1965-11,0.41
1965-12,0.41
1966-01,0.42
1966-02,0.42
1966-03,0.42
1966-04,0.42
1966-05,0.42
1966-06,0.42
1966-07,0.42
1966-08,0.42
1966-09,0.42
1966-10,0.42
1966-11,0.42
1966-12,0.42
1967-01,0.46
1967-02,0.46
1967-03,0.46
1967-04,0.46
1967-05,0.46
1967-06,0.46
1967-07,0.46
1967-08,0.46
1967-09,0.46
1967-10,0.46
1967-11,0.46
1967-12,0.46
1968-01,0.45
1968-02,0.45
1968-03,0.45
1968-04,0.45
1968-05,0.45
1968-06,0.45
1968-07,0.45
1968-08,0.45
1968-09,0.45
1968-10,0.45
1968-11,0.45
1968-12,0.45
1969-01,0.45
1969-02,0.45
1969-03,0.45
1969-04,0.45
1969-05,0.45
1969-06,0.45
1969-07,0.45
1969-08,0.45
1969-09,0.45
1969-10,0.45
1969-11,0.45
1969-12,0.45
1970-01,0.45
1970-02,0.45
1970-03,0.45
1970-04,0.45
1970-05,0.45
1970-06,0.45
1970-07,0.45
1970-08,0.45
1970-09,0.45
1970-10,0.45
1970-11,0.45
1970-12,0.45
1971-01,0.5
1971-02,0.5
1971-03,0.5
1971-04,0.5
1971-05,0.5
1971-06,0.5
1971-07,0.5
1971-08,0.5
1971-09,0.5
1971-10,0.5
1971-11,0.5
1971-12,0.5
1972-01,0.54
1972-02,0.54
1972-03,0.54
1972-04,0.54
1972-05,0.54
1972-06,0.54
1972-07,0.54
1972-08,0.54
1972-09,0.54
1972-10,0.54
1972-11,0.54
1972-12,0.54
1973-01,0.69
1973-02,0.69
1973-03,0.69
1973-04,0.69
1973-05,0.69
1973-06,0.69
1973-07,0.69
1973-08,0.69
1973-09,0.69
1973-10,0.69
1973-11,0.69
1973-12,0.69
1974-01,1.73
1974-02,1.73
1974-03,1.73
1974-04,1.73
1974-05,1.73
1974-06,1.73
1974-07,1.73
1974-08,1.73
1974-09,1.73
1974-10,1.73
1974-11,1.73
1974-12,1.73
1975-01,1.68
1975-02,1.68
1975-03,1.68
1975-04,1.68
1975-05,1.68
1975-06,1.68
1975-07,1.68
1975-08,1.68
1975-09,1.68
1975-10,1.68
1975-11,1.68
1975-12,1.68
1976-01,1.74
1976-02,1.74
1976-03,1.74
1976-04,1.74
1976-05,1.74
1976-06,1.74
1976-07,1.74
1976-08,1.74
1976-09,1.74
1976-10,1.74
1976-11,1.74
1976-12,1.74
1977-01,1.79
1977-02,1.79
1977-03,1.79
1977-04,1.79
1977-05,1.79
1977-06,1.79
1977-07,1.79
1977-08,1.79
1977-09,1.79
1977-10,1.79
1977-11,1.79
1977-12,1.79
1978-01,2.3
1978-02,2.3
1978-03,2.3
1978-04,2.3
1978-05,2.3
1978-06,2.3
1978-07,2.3
1978-08,2.3
1978-09,2.3
1978-10,2.3
1978-11,2.3
1978-12,2.3
1979-01,3.26
1979-02,3.26
1979-03,3.26
1979-04,3.26
1979-05,3.26
1979-06,3.26
1979-07,3.26
1979-08,3.26
1979-09,3.26
1979-10,3.26
1979-11,3.26
1979-12,3.26
1980-01,4.22
1980-02,4.22
1980-03,4.22
1980-04,4.22
1980-05,4.22
1980-06,4.22
1980-07,4.22
1980-08,4.22
1980-09,4.22
1980-10,4.22
1980-11,4.22
1980-12,4.22
1981-01,4.6
1981-02,4.6
1981-03,4.6
1981-04,4.6
1981-05,4.6
1981-06,4.6
1981-07,4.6
1981-08,4.6
1981-09,4.6
1981-10,4.6
1981-11,4.6
1981-12,4.6
1982-01,4.45
1982-02,4.45
1982-03,4.45
1982-04,4.45
1982-05,4.45
1982-06,4.45
1982-07,4.45
1982-08,4.45
1982-09,4.45
1982-10,4.45
1982-11,4.45
1982-12,4.45
1983-01,4.05
1983-02,4.05
1983-03,4.05
1983-04,4.05
1983-05,4.05
1983-06,4.05
1983-07,4.05
1983-08,4.05
1983-09,4.05
1983-10,4.05
1983-11,4.05
1983-12,4.05
1984-01,3.76
1984-02,3.76
1984-03,3.76
1984-04,3.76
1984-05,3.76
1984-06,3.76
1984-07,3.76
1984-08,3.76
1984-09,3.76
1984-10,3.76
1984-11,3.76
1984-12,3.76
1985-01,3.65
1985-02,3.65
1985-03,3.65
1985-04,3.65
1985-05,3.65
1985-06,3.65
1985-07,3.65
1985-08,3.65
1985-09,3.65
1985-10,3.65
1985-11,3.65
1985-12,3.65
1986-01,3.65
1986-02,3.65
1986-03,3.65
1986-04,3.65
1986-05,3.65
1986-06,3.65
1986-07,3.65
1986-08,3.65
1986-09,3.65
1986-10,3.65
1986-11,3.65
1986-12,3.65
1987-01,2.59
1987-02,2.59
1987-03,2.59
1987-04,2.59
1987-05,2.59
1987-06,2.59
1987-07,2.59
1987-08,2.59
1987-09,2.59
1987-10,2.59
1987-11,2.59
1987-12,2.59
1988-01,2.36
1988-02,2.36
1988-03,2.36
1988-04,2.36
1988-05,2.36
1988-06,2.36
1988-07,2.36
1988-08,2.36
1988-09,2.36
1988-10,2.36
1988-11,2.36
1988-12,2.36
1989-01,2.09
1989-02,2.09
1989-03,2.09
1989-04,2.09
1989-05,2.09
1989-06,2.09
1989-07,2.09
1989-08,2.09
1989-09,2.09
1989-10,2.09
1989-11,2.09
1989-12,2.09
1990-01,2.82
1990-02,2.82
1990-03,2.82
1990-04,2.82
1990-05,2.82
1990-06,2.82
1990-07,2.82
1990-08,2.82
1990-09,2.82
1990-10,2.82
1990-11,2.82
1990-12,2.82
1991-01,3.44
1991-02,3.41
1991-03,3.33
1991-04,3.47
1991-05,3.37
1991-06,3.29
1991-07,3.0
1991-08,2.98
1991-09,2.97
1991-10,2.71
1991-11,2.7
1991-12,2.7
1992-01,2.57
1992-02,2.5
1992-03,2.58
1992-04,2.47
1992-05,2.49
1992-06,2.5
1992-07,2.55
1992-08,2.56
1992-09,2.57
1992-10,2.63
1992-11,2.64
1992-12,2.64
1993-01,2.76
1993-02,2.74
1993-03,2.75
1993-04,2.68
1993-05,2.68
1993-06,2.68
1993-07,2.66
1993-08,2.65
1993-09,2.62
1993-10,2.62
1993-11,2.62
1993-12,2.6
1994-01,2.47
1994-02,2.36
1994-03,2.36
1994-04,2.36
1994-05,2.36
1994-06,2.36
1994-07,2.42
1994-08,2.46
1994-09,2.48
1994-10,2.56
1994-11,2.57
1994-12,2.56
1995-01,2.66
1995-02,2.66
1995-03,2.65
1995-04,2.71
1995-05,2.71
1995-06,2.73
1995-07,2.8
1995-08,2.8
1995-09,2.78
1995-10,2.75
1995-11,2.75
1995-12,2.73
1996-01,2.75
1996-02,2.77
1996-03,2.67
1996-04,3.1
1996-05,2.81
1996-06,2.81
1996-07,2.78
1996-08,2.79
1996-09,2.79
1996-10,2.94
1996-11,2.96
1996-12,2.96
1997-01,2.89
1997-02,2.89
1997-03,2.83
1997-04,2.77
1997-05,2.74
1997-06,2.76
1997-07,2.67
1997-08,2.67
1997-09,2.7
1997-10,2.63
1997-11,2.66
1997-12,2.65
1998-01,2.65
1998-02,2.63
1998-03,2.61
1998-04,2.54
1998-05,2.51
1998-06,2.5
1998-07,2.4
1998-08,2.37
1998-09,2.33
1998-10,2.17
1998-11,2.15
1998-12,2.13
1999-01,2.02
1999-02,2.01
1999-03,1.95
1999-04,1.87
1999-05,1.89
1999-06,1.91
1999-07,2.0
1999-08,2.08
1999-09,2.2
1999-10,2.47
1999-11,2.51
1999-12,2.66
2000-01,3.36
2000-02,3.46
2000-03,3.51
2000-04,3.68
2000-05,3.55
2000-06,3.6
2000-07,3.96
2000-08,4.01
2000-09,4.03
2000-10,4.31
2000-11,4.39
2000-12,4.44
2001-01,4.65
2001-02,4.59
2001-03,4.57
2001-04,4.48
2001-05,4.36
2001-06,4.33
2001-07,3.75
2001-08,3.79
2001-09,3.79
2001-10,3.52
2001-11,3.46
2001-12,3.4
2002-01,3.06
2002-02,3.03
2002-03,2.97
2002-04,2.81
2002-05,2.83
2002-06,2.9
2002-07,2.95
2002-08,3.01
2002-09,3.08
2002-10,3.28
2002-11,3.34
2002-12,3.36
2003-01,3.61
2003-02,3.67
2003-03,3.74
2003-04,4.03
2003-05,4.04
2003-06,4.05
2003-07,4.04
2003-08,3.98
2003-09,3.97
2003-10,3.88
2003-11,3.9
2003-12,3.97
2004-01,3.87
2004-02,3.89
2004-03,3.86
2004-04,3.92
2004-05,3.95
2004-06,4.01
2004-07,4.28
2004-08,4.34
2004-09,4.41
2004-10,4.83
2004-11,4.96
2004-12,5.01
2005-01,5.46
2005-02,5.49
2005-03,5.52
2005-04,5.86
2005-05,5.89
2005-06,5.91
2005-07,6.42
2005-08,6.56
2005-09,6.58
2005-10,7.28
2005-11,7.46
2005-12,7.49
2006-01,7.96
2006-02,7.95
2006-03,7.99
2006-04,8.24
2006-05,8.28
2006-06,8.29
2006-07,8.58
2006-08,8.71
2006-09,8.77
2006-10,8.97
2006-11,8.99
2006-12,8.92
2007-01,8.59
2007-02,8.56
2007-03,8.37
2007-04,8.0
2007-05,7.98
2007-06,8.03
2007-07,8.13
2007-08,8.34
2007-09,8.54
2007-10,9.16
2007-11,9.47
2007-12,9.49
2008-01,10.7
2008-02,10.84
2008-03,11.04
2008-04,12.19
2008-05,12.38
2008-06,12.63
2008-07,14.37
2008-08,14.64
2008-09,14.85
2008-10,15.93
2008-11,15.81
2008-12,15.5
2009-01,13.89
2009-02,11.04
2009-03,10.9
2009-04,8.51
2009-05,8.09
2009-06,7.95
2009-07,6.67
2009-08,6.92
2009-09,7.13
2009-10,7.6
2009-11,7.81
2009-12,8.01
2010-01,8.8
2010-02,8.8
2010-03,8.93
2010-04,7.52
2010-05,7.27
2010-06,7.74
2010-07,8.04
2010-08,8.45
2010-09,8.28
2010-10,8.29
2010-11,8.59
2010-12,8.74
2011-01,9.61
2011-02,9.36
2011-03,9.37
2011-04,10.36
2011-05,10.3
2011-06,10.26
2011-07,10.99
2011-08,10.81
2011-09,10.85
2011-10,11.42
2011-11,11.32
2011-12,11.53
2012-01,11.45
2012-02,11.12
2012-03,11.97
2012-04,11.42
2012-05,11.64
2012-06,11.49
2012-07,11.13
2012-08,11.18
2012-09,11.08
2012-10,11.58
2012-11,11.83
2012-12,11.79
2013-01,11.87
2013-02,11.77
2013-03,11.87
2013-04,12.88
2013-05,12.29
2013-06,11.92
2013-07,11.6
2013-08,11.64
2013-09,11.25
2013-10,11.37
2013-11,11.42
2013-12,11.55
2014-01,11.59
2014-02,11.3
2014-03,10.88
2014-04,10.73
2014-05,10.2
2014-06,9.77
2014-07,9.27
2014-08,9.14
2014-09,9.24
2014-10,9.77
2014-11,8.9
2014-12,9.83
2015-01,9.25
2015-02,8.27
2015-03,8.27
2015-04,6.77
2015-05,6.68
2015-06,6.67
2015-07,6.69
2015-08,6.35
2015-09,6.28
2015-10,6.03
2015-11,5.5
2015-12,5.09
2016-01,4.4
2016-02,3.97
2016-03,3.91
2016-04,3.97
2016-05,4.33
2016-06,4.76
2016-07,4.67
2016-08,4.05
2016-09,4.25
2016-10,5.34
2016-11,5.69
2016-12,5.42
2017-01,6.14
2017-02,6.05
2017-03,5.0
2017-04,5.01
2017-05,5.06
2017-06,4.89
2017-07,5.0
2017-08,5.48
2017-09,5.96
2017-10,6.18
2017-11,6.69
2017-12,7.14
2018-01,6.66
2018-02,6.72
2018-03,6.7
2018-04,6.93
2018-05,7.49
2018-06,7.45
2018-07,7.6
2018-08,8.08
2018-09,9.52
2018-10,8.79
2018-11,8.27
2018-12,7.98
2019-01,7.26
2019-02,6.01
2019-03,5.18
2019-04,4.92
2019-05,4.34
2019-06,3.59
2019-07,3.62
2019-08,3.68
2019-09,4.21
2019-10,5.06
2019-11,5.15
2019-12,4.62
2020-01,3.63
2020-02,2.91
2020-03,2.72
2020-04,2.12
2020-05,1.58
2020-06,1.75
2020-07,1.8
2020-08,2.86
2020-09,3.95
2020-10,4.89
2020-11,4.84
2020-12,5.86
2021-01,7.27
2021-02,6.16
2021-03,6.13
2021-04,7.15
2021-05,8.91
2021-06,10.3
2021-07,12.51
2021-08,15.43
2021-09,22.84
2021-10,31.05
2021-11,27.62
2021-12,38.03
2022-01,28.26
2022-02,27.23
2022-03,42.39
2022-04,32.2
2022-05,29.17
2022-06,33.56
2022-07,51.33
2022-08,70.04
2022-09,59.1
2022-10,39.02
2022-11,35.72
2022-12,36.04
2023-01,20.18
2023-02,16.54
2023-03,13.81
2023-04,13.52
2023-05,10.11
2023-06,10.35
2023-07,9.55
2023-08,11.19
2023-09,11.55
2023-10,14.57
2023-11,14.49
2023-12,11.51
2024-01,9.56
2024-02,8.15
2024-03,8.55
2024-04,9.09
2024-05,10.12
2024-06,10.87
2024-07,10.35
2024-08,12.37
2024-09,11.78
2024-10,12.92
2024-11,13.93
2024-12,13.86
2025-01,14.66
2025-02,15.34
2025-03,13.24
2025-04,11.59
2025-05,11.66
2025-06,12.37
2025-07,11.62
2025-08,11.15
2025-09,11.12
2025-10,10.89
2025-11,10.42
2025-12,9.48
2026-01,11.76
2026-02,11.24
2026-03,17.91
2026-04,15.41
2026-05,16.17
2026-06,15.17
