importer,stub,year,world_mt,aus_mt,aus_share,clean_margin
Japan,jpn,2012,185.212818,114.766320,0.619646,true
Japan,jpn,2013,156.591691,121.781060,0.777698,true
Japan,jpn,2014,141.027073,119.139640,0.844800,true
Japan,jpn,2015,190.728012,124.004766,0.650165,true
Japan,jpn,2016,156.549470,121.493186,0.776069,true
Japan,jpn,2017,192.884680,119.128377,0.617615,true
Japan,jpn,2018,189.354221,116.068265,0.612969,true
Japan,jpn,2019,186.208666,109.264458,0.586785,true
Japan,jpn,2020,173.754595,103.488688,0.595603,true
Japan,jpn,2021,182.629448,119.456371,0.654092,true
Japan,jpn,2022,183.030223,121.542339,0.664056,true
Japan,jpn,2023,166.984728,107.119343,0.641492,true
Japan,jpn,2024,165.764728,108.239917,0.652973,true
Japan,jpn,2025,161.688248,107.166383,0.662796,true
Korea,kor,2014,104.550003,47.920698,0.458352,true
Korea,kor,2015,135.144455,61.152171,0.452495,true
Korea,kor,2016,134.520169,52.313135,0.388887,true
Korea,kor,2017,133.651467,48.342096,0.361703,true
Korea,kor,2023,119.462509,36.659994,0.306874,true
Korea,kor,2025,99.054212,34.712092,0.350435,true
India,ind,2012,131.163604,30.096822,0.229460,false
India,ind,2013,160.749109,32.225606,0.200471,false
India,ind,2014,178.675717,40.202386,0.225002,false
India,ind,2017,197.741438,44.474701,0.224913,false
India,ind,2018,227.360071,50.012601,0.219971,false
India,ind,2019,230.102924,45.655195,0.198412,false
India,ind,2020,218.095780,46.510755,0.213258,false
India,ind,2021,232.092638,82.415239,0.355096,false
India,ind,2022,234.061890,48.727687,0.208183,false
Korea,kor,2020,123.493446,47.396507,0.383798,true
Korea,kor,2022,125.151512,45.984083,0.367427,true
Taiwan,twn,2015,66.853648,31.092316,0.465080,true
Taiwan,twn,2016,65.494382,34.072698,0.520238,true
Taiwan,twn,2017,69.035898,32.904953,0.476635,true
Taiwan,twn,2018,69.172478,34.324320,0.496214,true
Taiwan,twn,2019,67.087748,33.706333,0.502422,true
Taiwan,twn,2020,63.031544,30.005240,0.476035,true
Taiwan,twn,2021,68.539143,37.050729,0.540578,true
Taiwan,twn,2023,58.556214,29.047375,0.496060,true
China,chn,2015,155.802061,70.851081,0.454751,false
China,chn,2016,133.487095,68.044193,0.509744,false
China,chn,2017,188.125595,79.655178,0.423415,false
China,chn,2019,197.054015,76.888302,0.390189,false
China,chn,2020,204.374734,77.507058,0.379240,false
China,chn,2022,162.739397,2.855602,0.017547,false
China,chn,2023,202.760861,26.373525,0.130072,false
India,ind,2015,206.380532,47.813896,0.231678,false
India,ind,2016,193.108294,46.283602,0.239677,false
India,ind,2023,252.013841,52.342776,0.207698,false
Turkey,tur,2015,34.019126,2.792210,0.082078,true
Turkey,tur,2016,36.333189,2.369620,0.065219,true
Turkey,tur,2018,38.369900,1.969584,0.051331,true
Turkey,tur,2020,40.245939,0.904261,0.022468,true
Turkey,tur,2021,36.533603,5.324254,0.145736,true
Turkey,tur,2022,36.831292,3.112019,0.084494,true
Vietnam,vnm,2015,6.428775,1.441048,0.224156,true
Vietnam,vnm,2016,12.835521,3.960887,0.308588,true
Vietnam,vnm,2017,13.970555,3.768383,0.269738,true
Vietnam,vnm,2019,43.145669,15.833724,0.366983,true
Vietnam,vnm,2020,54.534188,20.452450,0.375039,true
Vietnam,vnm,2021,35.170667,15.565004,0.442556,true
Vietnam,vnm,2022,30.672972,16.900312,0.550984,true
Vietnam,vnm,2023,46.206210,20.571245,0.445205,true
Germany,deu,2015,56.416014,5.921447,0.104960,true
Germany,deu,2016,55.222363,6.608403,0.119669,true
Germany,deu,2017,48.783130,5.624849,0.115303,true
Germany,deu,2018,44.971848,5.274567,0.117286,true
Germany,deu,2019,41.355905,4.771204,0.115369,true
Germany,deu,2020,29.673046,3.850749,0.129773,true
Germany,deu,2021,38.673035,5.405988,0.139787,true
Germany,deu,2022,42.848684,6.304949,0.147145,true
Germany,deu,2023,30.568537,8.601620,0.281388,true
Netherlands,nld,2015,28.552702,1.732279,0.060670,true
Netherlands,nld,2016,28.509297,2.450042,0.085938,true
Netherlands,nld,2017,24.135828,2.408495,0.099789,true
Netherlands,nld,2018,21.647290,2.347411,0.108439,true
Netherlands,nld,2019,13.104403,1.955196,0.149201,true
Netherlands,nld,2020,10.800092,0.000101,0.000009,true
Netherlands,nld,2021,14.749778,1.828424,0.123963,true
Netherlands,nld,2022,9.974795,0.011955,0.001198,true
Netherlands,nld,2023,12.530880,2.412054,0.192489,true
Brazil,bra,2015,22.904834,5.934294,0.259085,true
Brazil,bra,2017,23.619109,6.285071,0.266101,true
Brazil,bra,2018,23.713402,5.024116,0.211868,true
Brazil,bra,2020,17.859135,3.216907,0.180127,true
Brazil,bra,2022,18.717967,6.171609,0.329716,true
Brazil,bra,2023,18.104034,5.901041,0.325952,true
Philippines,phl,2020,28.714486,0.352932,0.012291,true
Philippines,phl,2021,31.288973,0.222238,0.007103,true
Philippines,phl,2022,31.533021,0.379620,0.012039,true
Philippines,phl,2023,36.426394,0.176739,0.004852,true
United Kingdom,gbr,2015,21.783172,0.933642,0.042861,true
United Kingdom,gbr,2016,7.634119,0.738772,0.096772,true
United Kingdom,gbr,2019,5.489551,0.507542,0.092456,true
United Kingdom,gbr,2020,3.724616,0.411294,0.110426,true
United Kingdom,gbr,2023,2.869631,0.393794,0.137228,true
Morocco,mar,2015,6.459071,0.000000,0.000000,true
Morocco,mar,2016,6.722917,0.000004,0.000001,true
Morocco,mar,2017,6.808455,0.000000,0.000000,true
Morocco,mar,2018,8.459436,0.000000,0.000000,true
Morocco,mar,2019,10.113246,0.000000,0.000000,true
Morocco,mar,2020,9.964907,0.000000,0.000000,true
Morocco,mar,2021,10.940750,0.000000,0.000000,true
Morocco,mar,2022,10.762258,0.114500,0.010639,true
Morocco,mar,2023,10.155815,0.079294,0.007808,true
